ParameterName,Count
pad,3
vision_model.vision._en.stem.0.reparam_conv.weight,13824
vision_model.vision._en.stem.0.reparam_conv.bias,64
vision_model.vision._en.stem.1.reparam_conv.weight,576
vision_model.vision._en.stem.1.reparam_conv.bias,64
vision_model.vision._en.stem.2.reparam_conv.weight,4096
vision_model.vision._en.stem.2.reparam_conv.bias,64
vision_model.vision._en.stages.0.blocks.0.token_mixer.reparam_conv.weight,576
vision_model.vision._en.stages.0.blocks.0.token_mixer.reparam_conv.bias,64
vision_model.vision._en.stages.0.blocks.0.mlp.fc1.weight,12288
vision_model.vision._en.stages.0.blocks.0.mlp.fc1.bias,192
vision_model.vision._en.stages.0.blocks.0.mlp.fc2.weight,12288
vision_model.vision._en.stages.0.blocks.0.mlp.fc2.bias,64
vision_model.vision._en.stages.0.blocks.0.layer_scale.gamma,64
vision_model.vision._en.stages.0.blocks.1.token_mixer.reparam_conv.weight,576
vision_model.vision._en.stages.0.blocks.1.token_mixer.reparam_conv.bias,64
vision_model.vision._en.stages.0.blocks.1.mlp.fc1.weight,12288
vision_model.vision._en.stages.0.blocks.1.mlp.fc1.bias,192
vision_model.vision._en.stages.0.blocks.1.mlp.fc2.weight,12288
vision_model.vision._en.stages.0.blocks.1.mlp.fc2.bias,64
vision_model.vision._en.stages.0.blocks.1.layer_scale.gamma,64
vision_model.vision._en.stages.1.downsample.proj.0.reparam_conv.weight,6272
vision_model.vision._en.stages.1.downsample.proj.0.reparam_conv.bias,128
vision_model.vision._en.stages.1.downsample.proj.1.reparam_conv.weight,16384
vision_model.vision._en.stages.1.downsample.proj.1.reparam_conv.bias,128
vision_model.vision._en.stages.1.blocks.0.token_mixer.reparam_conv.weight,1152
vision_model.vision._en.stages.1.blocks.0.token_mixer.reparam_conv.bias,128
vision_model.vision._en.stages.1.blocks.0.mlp.fc1.weight,49152
vision_model.vision._en.stages.1.blocks.0.mlp.fc1.bias,384
vision_model.vision._en.stages.1.blocks.0.mlp.fc2.weight,49152
vision_model.vision._en.stages.1.blocks.0.mlp.fc2.bias,128
vision_model.vision._en.stages.1.blocks.0.layer_scale.gamma,128
vision_model.vision._en.stages.1.blocks.1.token_mixer.reparam_conv.weight,1152
vision_model.vision._en.stages.1.blocks.1.token_mixer.reparam_conv.bias,128
vision_model.vision._en.stages.1.blocks.1.mlp.fc1.weight,49152
vision_model.vision._en.stages.1.blocks.1.mlp.fc1.bias,384
vision_model.vision._en.stages.1.blocks.1.mlp.fc2.weight,49152
vision_model.vision._en.stages.1.blocks.1.mlp.fc2.bias,128
vision_model.vision._en.stages.1.blocks.1.layer_scale.gamma,128
vision_model.vision._en.stages.2.downsample.proj.0.reparam_conv.weight,12544
vision_model.vision._en.stages.2.downsample.proj.0.reparam_conv.bias,256
vision_model.vision._en.stages.2.downsample.proj.1.reparam_conv.weight,65536
vision_model.vision._en.stages.2.downsample.proj.1.reparam_conv.bias,256
vision_model.vision._en.stages.2.blocks.0.token_mixer.reparam_conv.weight,2304
vision_model.vision._en.stages.2.blocks.0.token_mixer.reparam_conv.bias,256
vision_model.vision._en.stages.2.blocks.0.mlp.fc1.weight,196608
vision_model.vision._en.stages.2.blocks.0.mlp.fc1.bias,768
vision_model.vision._en.stages.2.blocks.0.mlp.fc2.weight,196608
vision_model.vision._en.stages.2.blocks.0.mlp.fc2.bias,256
vision_model.vision._en.stages.2.blocks.0.layer_scale.gamma,256
vision_model.vision._en.stages.2.blocks.1.token_mixer.reparam_conv.weight,2304
vision_model.vision._en.stages.2.blocks.1.token_mixer.reparam_conv.bias,256
vision_model.vision._en.stages.2.blocks.1.mlp.fc1.weight,196608
vision_model.vision._en.stages.2.blocks.1.mlp.fc1.bias,768
vision_model.vision._en.stages.2.blocks.1.mlp.fc2.weight,196608
vision_model.vision._en.stages.2.blocks.1.mlp.fc2.bias,256
vision_model.vision._en.stages.2.blocks.1.layer_scale.gamma,256
vision_model.vision._en.stages.2.blocks.2.token_mixer.reparam_conv.weight,2304
vision_model.vision._en.stages.2.blocks.2.token_mixer.reparam_conv.bias,256
vision_model.vision._en.stages.2.blocks.2.mlp.fc1.weight,196608
vision_model.vision._en.stages.2.blocks.2.mlp.fc1.bias,768
vision_model.vision._en.stages.2.blocks.2.mlp.fc2.weight,196608
vision_model.vision._en.stages.2.blocks.2.mlp.fc2.bias,256
vision_model.vision._en.stages.2.blocks.2.layer_scale.gamma,256
vision_model.vision._en.stages.2.blocks.3.token_mixer.reparam_conv.weight,2304
vision_model.vision._en.stages.2.blocks.3.token_mixer.reparam_conv.bias,256
vision_model.vision._en.stages.2.blocks.3.mlp.fc1.weight,196608
vision_model.vision._en.stages.2.blocks.3.mlp.fc1.bias,768
vision_model.vision._en.stages.2.blocks.3.mlp.fc2.weight,196608
vision_model.vision._en.stages.2.blocks.3.mlp.fc2.bias,256
vision_model.vision._en.stages.2.blocks.3.layer_scale.gamma,256
vision_model.vision._en.stages.2.blocks.4.token_mixer.reparam_conv.weight,2304
vision_model.vision._en.stages.2.blocks.4.token_mixer.reparam_conv.bias,256
vision_model.vision._en.stages.2.blocks.4.mlp.fc1.weight,196608
vision_model.vision._en.stages.2.blocks.4.mlp.fc1.bias,768
vision_model.vision._en.stages.2.blocks.4.mlp.fc2.weight,196608
vision_model.vision._en.stages.2.blocks.4.mlp.fc2.bias,256
vision_model.vision._en.stages.2.blocks.4.layer_scale.gamma,256
vision_model.vision._en.stages.2.blocks.5.token_mixer.reparam_conv.weight,2304
vision_model.vision._en.stages.2.blocks.5.token_mixer.reparam_conv.bias,256
vision_model.vision._en.stages.2.blocks.5.mlp.fc1.weight,196608
vision_model.vision._en.stages.2.blocks.5.mlp.fc1.bias,768
vision_model.vision._en.stages.2.blocks.5.mlp.fc2.weight,196608
vision_model.vision._en.stages.2.blocks.5.mlp.fc2.bias,256
vision_model.vision._en.stages.2.blocks.5.layer_scale.gamma,256
vision_model.vision._en.stages.3.downsample.proj.0.reparam_conv.weight,25088
vision_model.vision._en.stages.3.downsample.proj.0.reparam_conv.bias,512
vision_model.vision._en.stages.3.downsample.proj.1.reparam_conv.weight,262144
vision_model.vision._en.stages.3.downsample.proj.1.reparam_conv.bias,512
vision_model.vision._en.stages.3.blocks.0.token_mixer.reparam_conv.weight,4608
vision_model.vision._en.stages.3.blocks.0.token_mixer.reparam_conv.bias,512
vision_model.vision._en.stages.3.blocks.0.mlp.fc1.weight,786432
vision_model.vision._en.stages.3.blocks.0.mlp.fc1.bias,1536
vision_model.vision._en.stages.3.blocks.0.mlp.fc2.weight,786432
vision_model.vision._en.stages.3.blocks.0.mlp.fc2.bias,512
vision_model.vision._en.stages.3.blocks.0.layer_scale.gamma,512
vision_model.vision._en.stages.3.blocks.1.token_mixer.reparam_conv.weight,4608
vision_model.vision._en.stages.3.blocks.1.token_mixer.reparam_conv.bias,512
vision_model.vision._en.stages.3.blocks.1.mlp.fc1.weight,786432
vision_model.vision._en.stages.3.blocks.1.mlp.fc1.bias,1536
vision_model.vision._en.stages.3.blocks.1.mlp.fc2.weight,786432
vision_model.vision._en.stages.3.blocks.1.mlp.fc2.bias,512
vision_model.vision._en.stages.3.blocks.1.layer_scale.gamma,512
vision_model.vision._en.final_conv.se.fc1.weight,65536
vision_model.vision._en.final_conv.se.fc1.bias,64
vision_model.vision._en.final_conv.se.fc2.weight,65536
vision_model.vision._en.final_conv.se.fc2.bias,1024
vision_model.vision._en.final_conv.reparam_conv.weight,9216
vision_model.vision._en.final_conv.reparam_conv.bias,1024
vision_model.vision._en.head.fc.weight,2097152
vision_model.vision._en.head.fc.bias,2048
vision_model.no_bottleneck_policy.summarizer._infeats.0.weight,1048576
vision_model.no_bottleneck_policy.summarizer._infeats.0.bias,512
vision_model.no_bottleneck_policy.summarizer.resblock.block_a.0.weight,524288
vision_model.no_bottleneck_policy.summarizer.resblock.block_a.0.bias,1024
vision_model.no_bottleneck_policy.summarizer.resblock.block_a.3.weight,524288
vision_model.no_bottleneck_policy.summarizer.resblock.block_a.3.bias,512
vision_model.no_bottleneck_policy.summarizer.resblock.block_b.1.weight,524288
vision_model.no_bottleneck_policy.summarizer.resblock.block_b.1.bias,1024
vision_model.no_bottleneck_policy.summarizer.resblock.block_b.4.weight,524288
vision_model.no_bottleneck_policy.summarizer.resblock.block_b.4.bias,512
vision_model.no_bottleneck_policy.hydra.resblock.block_a.0.weight,524288
vision_model.no_bottleneck_policy.hydra.resblock.block_a.0.bias,1024
vision_model.no_bottleneck_policy.hydra.resblock.block_a.3.weight,524288
vision_model.no_bottleneck_policy.hydra.resblock.block_a.3.bias,512
vision_model.no_bottleneck_policy.hydra.resblock.block_b.1.weight,524288
vision_model.no_bottleneck_policy.hydra.resblock.block_b.1.bias,1024
vision_model.no_bottleneck_policy.hydra.resblock.block_b.4.weight,524288
vision_model.no_bottleneck_policy.hydra.resblock.block_b.4.bias,512
vision_model.no_bottleneck_policy.hydra.in_layer.meta.weight,32768
vision_model.no_bottleneck_policy.hydra.in_layer.meta.bias,64
vision_model.no_bottleneck_policy.hydra.in_layer.desire_pred.weight,16384
vision_model.no_bottleneck_policy.hydra.in_layer.desire_pred.bias,32
vision_model.no_bottleneck_policy.hydra.in_layer.road_transform.weight,16384
vision_model.no_bottleneck_policy.hydra.in_layer.road_transform.bias,32
vision_model.no_bottleneck_policy.hydra.in_layer.pose.weight,16384
vision_model.no_bottleneck_policy.hydra.in_layer.pose.bias,32
vision_model.no_bottleneck_policy.hydra.in_layer.wide_from_device_euler.weight,16384
vision_model.no_bottleneck_policy.hydra.in_layer.wide_from_device_euler.bias,32
vision_model.no_bottleneck_policy.hydra.res_layer.meta.0.weight,4096
vision_model.no_bottleneck_policy.hydra.res_layer.meta.0.bias,64
vision_model.no_bottleneck_policy.hydra.res_layer.meta.2.weight,4096
vision_model.no_bottleneck_policy.hydra.res_layer.meta.2.bias,64
vision_model.no_bottleneck_policy.hydra.res_layer.desire_pred.0.weight,1024
vision_model.no_bottleneck_policy.hydra.res_layer.desire_pred.0.bias,32
vision_model.no_bottleneck_policy.hydra.res_layer.desire_pred.2.weight,1024
vision_model.no_bottleneck_policy.hydra.res_layer.desire_pred.2.bias,32
vision_model.no_bottleneck_policy.hydra.res_layer.road_transform.0.weight,1024
vision_model.no_bottleneck_policy.hydra.res_layer.road_transform.0.bias,32
vision_model.no_bottleneck_policy.hydra.res_layer.road_transform.2.weight,1024
vision_model.no_bottleneck_policy.hydra.res_layer.road_transform.2.bias,32
vision_model.no_bottleneck_policy.hydra.res_layer.pose.0.weight,1024
vision_model.no_bottleneck_policy.hydra.res_layer.pose.0.bias,32
vision_model.no_bottleneck_policy.hydra.res_layer.pose.2.weight,1024
vision_model.no_bottleneck_policy.hydra.res_layer.pose.2.bias,32
vision_model.no_bottleneck_policy.hydra.res_layer.wide_from_device_euler.0.weight,1024
vision_model.no_bottleneck_policy.hydra.res_layer.wide_from_device_euler.0.bias,32
vision_model.no_bottleneck_policy.hydra.res_layer.wide_from_device_euler.2.weight,1024
vision_model.no_bottleneck_policy.hydra.res_layer.wide_from_device_euler.2.bias,32
vision_model.no_bottleneck_policy.hydra.final_layer.meta.weight,3520
vision_model.no_bottleneck_policy.hydra.final_layer.meta.bias,55
vision_model.no_bottleneck_policy.hydra.final_layer.desire_pred.weight,1024
vision_model.no_bottleneck_policy.hydra.final_layer.desire_pred.bias,32
vision_model.no_bottleneck_policy.hydra.final_layer.road_transform.weight,384
vision_model.no_bottleneck_policy.hydra.final_layer.road_transform.bias,12
vision_model.no_bottleneck_policy.hydra.final_layer.pose.weight,384
vision_model.no_bottleneck_policy.hydra.final_layer.pose.bias,12
vision_model.no_bottleneck_policy.hydra.final_layer.wide_from_device_euler.weight,192
vision_model.no_bottleneck_policy.hydra.final_layer.wide_from_device_euler.bias,6
summarizer._infeats.0.weight,1048576
summarizer._infeats.0.bias,512
summarizer.resblock.block_a.0.weight,524288
summarizer.resblock.block_a.0.bias,1024
summarizer.resblock.block_a.3.weight,524288
summarizer.resblock.block_a.3.bias,512
summarizer.resblock.block_b.1.weight,524288
summarizer.resblock.block_b.1.bias,1024
summarizer.resblock.block_b.4.weight,524288
summarizer.resblock.block_b.4.bias,512
summarizer._mu.weight,262144
summarizer._mu.bias,512
onnx::Conv_772,3136
onnx::Conv_773,64
onnx::Conv_775,3136
onnx::Conv_776,64
onnx::Conv_778,6272
onnx::Conv_779,128
onnx::Conv_781,6272
onnx::Conv_782,128
onnx::Conv_784,12544
onnx::Conv_785,256
onnx::Conv_787,12544
onnx::Conv_788,256
onnx::Conv_790,12544
onnx::Conv_791,256
onnx::Conv_793,12544
onnx::Conv_794,256
onnx::Conv_796,12544
onnx::Conv_797,256
onnx::Conv_799,12544
onnx::Conv_800,256
onnx::Conv_802,25088
onnx::Conv_803,512
onnx::Conv_805,25088
onnx::Conv_806,512
