index,type,name
1,Cast,/Cast
2,Cast,/Cast_1
3,Concat,/vision_model/Concat
4,Conv,/vision_model/vision/_en/stem/stem.0/reparam_conv/Conv
5,Mul,/vision_model/vision/_en/stem/stem.0/act/Mul
6,Mul,/vision_model/vision/_en/stem/stem.0/act/Mul_1
7,Mul,/vision_model/vision/_en/stem/stem.0/act/Mul_2
8,Add,/vision_model/vision/_en/stem/stem.0/act/Add
9,Mul,/vision_model/vision/_en/stem/stem.0/act/Mul_3
10,Tanh,/vision_model/vision/_en/stem/stem.0/act/Tanh
11,Add,/vision_model/vision/_en/stem/stem.0/act/Add_1
12,Mul,/vision_model/vision/_en/stem/stem.0/act/Mul_4
13,Mul,/vision_model/vision/_en/stem/stem.0/act/Mul_5
14,Conv,/vision_model/vision/_en/stem/stem.1/reparam_conv/Conv
15,Mul,/vision_model/vision/_en/stem/stem.1/act/Mul
16,Mul,/vision_model/vision/_en/stem/stem.1/act/Mul_1
17,Mul,/vision_model/vision/_en/stem/stem.1/act/Mul_2
18,Add,/vision_model/vision/_en/stem/stem.1/act/Add
19,Mul,/vision_model/vision/_en/stem/stem.1/act/Mul_3
20,Tanh,/vision_model/vision/_en/stem/stem.1/act/Tanh
21,Add,/vision_model/vision/_en/stem/stem.1/act/Add_1
22,Mul,/vision_model/vision/_en/stem/stem.1/act/Mul_4
23,Mul,/vision_model/vision/_en/stem/stem.1/act/Mul_5
24,Conv,/vision_model/vision/_en/stem/stem.2/reparam_conv/Conv
25,Mul,/vision_model/vision/_en/stem/stem.2/act/Mul
26,Mul,/vision_model/vision/_en/stem/stem.2/act/Mul_1
27,Mul,/vision_model/vision/_en/stem/stem.2/act/Mul_2
28,Add,/vision_model/vision/_en/stem/stem.2/act/Add
29,Mul,/vision_model/vision/_en/stem/stem.2/act/Mul_3
30,Tanh,/vision_model/vision/_en/stem/stem.2/act/Tanh
31,Add,/vision_model/vision/_en/stem/stem.2/act/Add_1
32,Mul,/vision_model/vision/_en/stem/stem.2/act/Mul_4
33,Mul,/vision_model/vision/_en/stem/stem.2/act/Mul_5
34,Conv,/vision_model/vision/_en/stages.0/blocks/blocks.0/token_mixer/reparam_conv/Conv
35,Conv,/vision_model/vision/_en/stages.0/blocks/blocks.0/mlp/conv/conv/Conv
36,Conv,/vision_model/vision/_en/stages.0/blocks/blocks.0/mlp/fc1/Conv
37,Mul,/vision_model/vision/_en/stages.0/blocks/blocks.0/mlp/act/Mul
38,Mul,/vision_model/vision/_en/stages.0/blocks/blocks.0/mlp/act/Mul_1
39,Mul,/vision_model/vision/_en/stages.0/blocks/blocks.0/mlp/act/Mul_2
40,Add,/vision_model/vision/_en/stages.0/blocks/blocks.0/mlp/act/Add
41,Mul,/vision_model/vision/_en/stages.0/blocks/blocks.0/mlp/act/Mul_3
42,Tanh,/vision_model/vision/_en/stages.0/blocks/blocks.0/mlp/act/Tanh
43,Add,/vision_model/vision/_en/stages.0/blocks/blocks.0/mlp/act/Add_1
44,Mul,/vision_model/vision/_en/stages.0/blocks/blocks.0/mlp/act/Mul_4
45,Mul,/vision_model/vision/_en/stages.0/blocks/blocks.0/mlp/act/Mul_5
46,Conv,/vision_model/vision/_en/stages.0/blocks/blocks.0/mlp/fc2/Conv
47,Mul,/vision_model/vision/_en/stages.0/blocks/blocks.0/layer_scale/Mul
48,Add,/vision_model/vision/_en/stages.0/blocks/blocks.0/Add
49,Conv,/vision_model/vision/_en/stages.0/blocks/blocks.1/token_mixer/reparam_conv/Conv
50,Conv,/vision_model/vision/_en/stages.0/blocks/blocks.1/mlp/conv/conv/Conv
51,Conv,/vision_model/vision/_en/stages.0/blocks/blocks.1/mlp/fc1/Conv
52,Mul,/vision_model/vision/_en/stages.0/blocks/blocks.1/mlp/act/Mul
53,Mul,/vision_model/vision/_en/stages.0/blocks/blocks.1/mlp/act/Mul_1
54,Mul,/vision_model/vision/_en/stages.0/blocks/blocks.1/mlp/act/Mul_2
55,Add,/vision_model/vision/_en/stages.0/blocks/blocks.1/mlp/act/Add
56,Mul,/vision_model/vision/_en/stages.0/blocks/blocks.1/mlp/act/Mul_3
57,Tanh,/vision_model/vision/_en/stages.0/blocks/blocks.1/mlp/act/Tanh
58,Add,/vision_model/vision/_en/stages.0/blocks/blocks.1/mlp/act/Add_1
59,Mul,/vision_model/vision/_en/stages.0/blocks/blocks.1/mlp/act/Mul_4
60,Mul,/vision_model/vision/_en/stages.0/blocks/blocks.1/mlp/act/Mul_5
61,Conv,/vision_model/vision/_en/stages.0/blocks/blocks.1/mlp/fc2/Conv
62,Mul,/vision_model/vision/_en/stages.0/blocks/blocks.1/layer_scale/Mul
63,Add,/vision_model/vision/_en/stages.0/blocks/blocks.1/Add
64,Conv,/vision_model/vision/_en/stages.1/downsample/proj/proj.0/reparam_conv/Conv
65,Conv,/vision_model/vision/_en/stages.1/downsample/proj/proj.1/reparam_conv/Conv
66,Mul,/vision_model/vision/_en/stages.1/downsample/proj/proj.1/act/Mul
67,Mul,/vision_model/vision/_en/stages.1/downsample/proj/proj.1/act/Mul_1
68,Mul,/vision_model/vision/_en/stages.1/downsample/proj/proj.1/act/Mul_2
69,Add,/vision_model/vision/_en/stages.1/downsample/proj/proj.1/act/Add
70,Mul,/vision_model/vision/_en/stages.1/downsample/proj/proj.1/act/Mul_3
71,Tanh,/vision_model/vision/_en/stages.1/downsample/proj/proj.1/act/Tanh
72,Add,/vision_model/vision/_en/stages.1/downsample/proj/proj.1/act/Add_1
73,Mul,/vision_model/vision/_en/stages.1/downsample/proj/proj.1/act/Mul_4
74,Mul,/vision_model/vision/_en/stages.1/downsample/proj/proj.1/act/Mul_5
75,Conv,/vision_model/vision/_en/stages.1/blocks/blocks.0/token_mixer/reparam_conv/Conv
76,Conv,/vision_model/vision/_en/stages.1/blocks/blocks.0/mlp/conv/conv/Conv
77,Conv,/vision_model/vision/_en/stages.1/blocks/blocks.0/mlp/fc1/Conv
78,Mul,/vision_model/vision/_en/stages.1/blocks/blocks.0/mlp/act/Mul
79,Mul,/vision_model/vision/_en/stages.1/blocks/blocks.0/mlp/act/Mul_1
80,Mul,/vision_model/vision/_en/stages.1/blocks/blocks.0/mlp/act/Mul_2
81,Add,/vision_model/vision/_en/stages.1/blocks/blocks.0/mlp/act/Add
82,Mul,/vision_model/vision/_en/stages.1/blocks/blocks.0/mlp/act/Mul_3
83,Tanh,/vision_model/vision/_en/stages.1/blocks/blocks.0/mlp/act/Tanh
84,Add,/vision_model/vision/_en/stages.1/blocks/blocks.0/mlp/act/Add_1
85,Mul,/vision_model/vision/_en/stages.1/blocks/blocks.0/mlp/act/Mul_4
86,Mul,/vision_model/vision/_en/stages.1/blocks/blocks.0/mlp/act/Mul_5
87,Conv,/vision_model/vision/_en/stages.1/blocks/blocks.0/mlp/fc2/Conv
88,Mul,/vision_model/vision/_en/stages.1/blocks/blocks.0/layer_scale/Mul
89,Add,/vision_model/vision/_en/stages.1/blocks/blocks.0/Add
90,Conv,/vision_model/vision/_en/stages.1/blocks/blocks.1/token_mixer/reparam_conv/Conv
91,Conv,/vision_model/vision/_en/stages.1/blocks/blocks.1/mlp/conv/conv/Conv
92,Conv,/vision_model/vision/_en/stages.1/blocks/blocks.1/mlp/fc1/Conv
93,Mul,/vision_model/vision/_en/stages.1/blocks/blocks.1/mlp/act/Mul
94,Mul,/vision_model/vision/_en/stages.1/blocks/blocks.1/mlp/act/Mul_1
95,Mul,/vision_model/vision/_en/stages.1/blocks/blocks.1/mlp/act/Mul_2
96,Add,/vision_model/vision/_en/stages.1/blocks/blocks.1/mlp/act/Add
97,Mul,/vision_model/vision/_en/stages.1/blocks/blocks.1/mlp/act/Mul_3
98,Tanh,/vision_model/vision/_en/stages.1/blocks/blocks.1/mlp/act/Tanh
99,Add,/vision_model/vision/_en/stages.1/blocks/blocks.1/mlp/act/Add_1
100,Mul,/vision_model/vision/_en/stages.1/blocks/blocks.1/mlp/act/Mul_4
101,Mul,/vision_model/vision/_en/stages.1/blocks/blocks.1/mlp/act/Mul_5
102,Conv,/vision_model/vision/_en/stages.1/blocks/blocks.1/mlp/fc2/Conv
103,Mul,/vision_model/vision/_en/stages.1/blocks/blocks.1/layer_scale/Mul
104,Add,/vision_model/vision/_en/stages.1/blocks/blocks.1/Add
105,Conv,/vision_model/vision/_en/stages.2/downsample/proj/proj.0/reparam_conv/Conv
106,Conv,/vision_model/vision/_en/stages.2/downsample/proj/proj.1/reparam_conv/Conv
107,Mul,/vision_model/vision/_en/stages.2/downsample/proj/proj.1/act/Mul
108,Mul,/vision_model/vision/_en/stages.2/downsample/proj/proj.1/act/Mul_1
109,Mul,/vision_model/vision/_en/stages.2/downsample/proj/proj.1/act/Mul_2
110,Add,/vision_model/vision/_en/stages.2/downsample/proj/proj.1/act/Add
111,Mul,/vision_model/vision/_en/stages.2/downsample/proj/proj.1/act/Mul_3
112,Tanh,/vision_model/vision/_en/stages.2/downsample/proj/proj.1/act/Tanh
113,Add,/vision_model/vision/_en/stages.2/downsample/proj/proj.1/act/Add_1
114,Mul,/vision_model/vision/_en/stages.2/downsample/proj/proj.1/act/Mul_4
115,Mul,/vision_model/vision/_en/stages.2/downsample/proj/proj.1/act/Mul_5
116,Conv,/vision_model/vision/_en/stages.2/blocks/blocks.0/token_mixer/reparam_conv/Conv
117,Conv,/vision_model/vision/_en/stages.2/blocks/blocks.0/mlp/conv/conv/Conv
118,Conv,/vision_model/vision/_en/stages.2/blocks/blocks.0/mlp/fc1/Conv
119,Mul,/vision_model/vision/_en/stages.2/blocks/blocks.0/mlp/act/Mul
120,Mul,/vision_model/vision/_en/stages.2/blocks/blocks.0/mlp/act/Mul_1
121,Mul,/vision_model/vision/_en/stages.2/blocks/blocks.0/mlp/act/Mul_2
122,Add,/vision_model/vision/_en/stages.2/blocks/blocks.0/mlp/act/Add
123,Mul,/vision_model/vision/_en/stages.2/blocks/blocks.0/mlp/act/Mul_3
124,Tanh,/vision_model/vision/_en/stages.2/blocks/blocks.0/mlp/act/Tanh
125,Add,/vision_model/vision/_en/stages.2/blocks/blocks.0/mlp/act/Add_1
126,Mul,/vision_model/vision/_en/stages.2/blocks/blocks.0/mlp/act/Mul_4
127,Mul,/vision_model/vision/_en/stages.2/blocks/blocks.0/mlp/act/Mul_5
128,Conv,/vision_model/vision/_en/stages.2/blocks/blocks.0/mlp/fc2/Conv
129,Mul,/vision_model/vision/_en/stages.2/blocks/blocks.0/layer_scale/Mul
130,Add,/vision_model/vision/_en/stages.2/blocks/blocks.0/Add
131,Conv,/vision_model/vision/_en/stages.2/blocks/blocks.1/token_mixer/reparam_conv/Conv
132,Conv,/vision_model/vision/_en/stages.2/blocks/blocks.1/mlp/conv/conv/Conv
133,Conv,/vision_model/vision/_en/stages.2/blocks/blocks.1/mlp/fc1/Conv
134,Mul,/vision_model/vision/_en/stages.2/blocks/blocks.1/mlp/act/Mul
135,Mul,/vision_model/vision/_en/stages.2/blocks/blocks.1/mlp/act/Mul_1
136,Mul,/vision_model/vision/_en/stages.2/blocks/blocks.1/mlp/act/Mul_2
137,Add,/vision_model/vision/_en/stages.2/blocks/blocks.1/mlp/act/Add
138,Mul,/vision_model/vision/_en/stages.2/blocks/blocks.1/mlp/act/Mul_3
139,Tanh,/vision_model/vision/_en/stages.2/blocks/blocks.1/mlp/act/Tanh
140,Add,/vision_model/vision/_en/stages.2/blocks/blocks.1/mlp/act/Add_1
141,Mul,/vision_model/vision/_en/stages.2/blocks/blocks.1/mlp/act/Mul_4
142,Mul,/vision_model/vision/_en/stages.2/blocks/blocks.1/mlp/act/Mul_5
143,Conv,/vision_model/vision/_en/stages.2/blocks/blocks.1/mlp/fc2/Conv
144,Mul,/vision_model/vision/_en/stages.2/blocks/blocks.1/layer_scale/Mul
145,Add,/vision_model/vision/_en/stages.2/blocks/blocks.1/Add
146,Conv,/vision_model/vision/_en/stages.2/blocks/blocks.2/token_mixer/reparam_conv/Conv
147,Conv,/vision_model/vision/_en/stages.2/blocks/blocks.2/mlp/conv/conv/Conv
148,Conv,/vision_model/vision/_en/stages.2/blocks/blocks.2/mlp/fc1/Conv
149,Mul,/vision_model/vision/_en/stages.2/blocks/blocks.2/mlp/act/Mul
150,Mul,/vision_model/vision/_en/stages.2/blocks/blocks.2/mlp/act/Mul_1
151,Mul,/vision_model/vision/_en/stages.2/blocks/blocks.2/mlp/act/Mul_2
152,Add,/vision_model/vision/_en/stages.2/blocks/blocks.2/mlp/act/Add
153,Mul,/vision_model/vision/_en/stages.2/blocks/blocks.2/mlp/act/Mul_3
154,Tanh,/vision_model/vision/_en/stages.2/blocks/blocks.2/mlp/act/Tanh
155,Add,/vision_model/vision/_en/stages.2/blocks/blocks.2/mlp/act/Add_1
156,Mul,/vision_model/vision/_en/stages.2/blocks/blocks.2/mlp/act/Mul_4
157,Mul,/vision_model/vision/_en/stages.2/blocks/blocks.2/mlp/act/Mul_5
158,Conv,/vision_model/vision/_en/stages.2/blocks/blocks.2/mlp/fc2/Conv
159,Mul,/vision_model/vision/_en/stages.2/blocks/blocks.2/layer_scale/Mul
160,Add,/vision_model/vision/_en/stages.2/blocks/blocks.2/Add
161,Conv,/vision_model/vision/_en/stages.2/blocks/blocks.3/token_mixer/reparam_conv/Conv
162,Conv,/vision_model/vision/_en/stages.2/blocks/blocks.3/mlp/conv/conv/Conv
163,Conv,/vision_model/vision/_en/stages.2/blocks/blocks.3/mlp/fc1/Conv
164,Mul,/vision_model/vision/_en/stages.2/blocks/blocks.3/mlp/act/Mul
165,Mul,/vision_model/vision/_en/stages.2/blocks/blocks.3/mlp/act/Mul_1
166,Mul,/vision_model/vision/_en/stages.2/blocks/blocks.3/mlp/act/Mul_2
167,Add,/vision_model/vision/_en/stages.2/blocks/blocks.3/mlp/act/Add
168,Mul,/vision_model/vision/_en/stages.2/blocks/blocks.3/mlp/act/Mul_3
169,Tanh,/vision_model/vision/_en/stages.2/blocks/blocks.3/mlp/act/Tanh
170,Add,/vision_model/vision/_en/stages.2/blocks/blocks.3/mlp/act/Add_1
171,Mul,/vision_model/vision/_en/stages.2/blocks/blocks.3/mlp/act/Mul_4
172,Mul,/vision_model/vision/_en/stages.2/blocks/blocks.3/mlp/act/Mul_5
173,Conv,/vision_model/vision/_en/stages.2/blocks/blocks.3/mlp/fc2/Conv
174,Mul,/vision_model/vision/_en/stages.2/blocks/blocks.3/layer_scale/Mul
175,Add,/vision_model/vision/_en/stages.2/blocks/blocks.3/Add
176,Conv,/vision_model/vision/_en/stages.2/blocks/blocks.4/token_mixer/reparam_conv/Conv
177,Conv,/vision_model/vision/_en/stages.2/blocks/blocks.4/mlp/conv/conv/Conv
178,Conv,/vision_model/vision/_en/stages.2/blocks/blocks.4/mlp/fc1/Conv
179,Mul,/vision_model/vision/_en/stages.2/blocks/blocks.4/mlp/act/Mul
180,Mul,/vision_model/vision/_en/stages.2/blocks/blocks.4/mlp/act/Mul_1
181,Mul,/vision_model/vision/_en/stages.2/blocks/blocks.4/mlp/act/Mul_2
182,Add,/vision_model/vision/_en/stages.2/blocks/blocks.4/mlp/act/Add
183,Mul,/vision_model/vision/_en/stages.2/blocks/blocks.4/mlp/act/Mul_3
184,Tanh,/vision_model/vision/_en/stages.2/blocks/blocks.4/mlp/act/Tanh
185,Add,/vision_model/vision/_en/stages.2/blocks/blocks.4/mlp/act/Add_1
186,Mul,/vision_model/vision/_en/stages.2/blocks/blocks.4/mlp/act/Mul_4
187,Mul,/vision_model/vision/_en/stages.2/blocks/blocks.4/mlp/act/Mul_5
188,Conv,/vision_model/vision/_en/stages.2/blocks/blocks.4/mlp/fc2/Conv
189,Mul,/vision_model/vision/_en/stages.2/blocks/blocks.4/layer_scale/Mul
190,Add,/vision_model/vision/_en/stages.2/blocks/blocks.4/Add
191,Conv,/vision_model/vision/_en/stages.2/blocks/blocks.5/token_mixer/reparam_conv/Conv
192,Conv,/vision_model/vision/_en/stages.2/blocks/blocks.5/mlp/conv/conv/Conv
193,Conv,/vision_model/vision/_en/stages.2/blocks/blocks.5/mlp/fc1/Conv
194,Mul,/vision_model/vision/_en/stages.2/blocks/blocks.5/mlp/act/Mul
195,Mul,/vision_model/vision/_en/stages.2/blocks/blocks.5/mlp/act/Mul_1
196,Mul,/vision_model/vision/_en/stages.2/blocks/blocks.5/mlp/act/Mul_2
197,Add,/vision_model/vision/_en/stages.2/blocks/blocks.5/mlp/act/Add
198,Mul,/vision_model/vision/_en/stages.2/blocks/blocks.5/mlp/act/Mul_3
199,Tanh,/vision_model/vision/_en/stages.2/blocks/blocks.5/mlp/act/Tanh
200,Add,/vision_model/vision/_en/stages.2/blocks/blocks.5/mlp/act/Add_1
201,Mul,/vision_model/vision/_en/stages.2/blocks/blocks.5/mlp/act/Mul_4
202,Mul,/vision_model/vision/_en/stages.2/blocks/blocks.5/mlp/act/Mul_5
203,Conv,/vision_model/vision/_en/stages.2/blocks/blocks.5/mlp/fc2/Conv
204,Mul,/vision_model/vision/_en/stages.2/blocks/blocks.5/layer_scale/Mul
205,Add,/vision_model/vision/_en/stages.2/blocks/blocks.5/Add
206,Conv,/vision_model/vision/_en/stages.3/downsample/proj/proj.0/reparam_conv/Conv
207,Conv,/vision_model/vision/_en/stages.3/downsample/proj/proj.1/reparam_conv/Conv
208,Mul,/vision_model/vision/_en/stages.3/downsample/proj/proj.1/act/Mul
209,Mul,/vision_model/vision/_en/stages.3/downsample/proj/proj.1/act/Mul_1
210,Mul,/vision_model/vision/_en/stages.3/downsample/proj/proj.1/act/Mul_2
211,Add,/vision_model/vision/_en/stages.3/downsample/proj/proj.1/act/Add
212,Mul,/vision_model/vision/_en/stages.3/downsample/proj/proj.1/act/Mul_3
213,Tanh,/vision_model/vision/_en/stages.3/downsample/proj/proj.1/act/Tanh
214,Add,/vision_model/vision/_en/stages.3/downsample/proj/proj.1/act/Add_1
215,Mul,/vision_model/vision/_en/stages.3/downsample/proj/proj.1/act/Mul_4
216,Mul,/vision_model/vision/_en/stages.3/downsample/proj/proj.1/act/Mul_5
217,Conv,/vision_model/vision/_en/stages.3/blocks/blocks.0/token_mixer/reparam_conv/Conv
218,Conv,/vision_model/vision/_en/stages.3/blocks/blocks.0/mlp/conv/conv/Conv
219,Conv,/vision_model/vision/_en/stages.3/blocks/blocks.0/mlp/fc1/Conv
220,Mul,/vision_model/vision/_en/stages.3/blocks/blocks.0/mlp/act/Mul
221,Mul,/vision_model/vision/_en/stages.3/blocks/blocks.0/mlp/act/Mul_1
222,Mul,/vision_model/vision/_en/stages.3/blocks/blocks.0/mlp/act/Mul_2
223,Add,/vision_model/vision/_en/stages.3/blocks/blocks.0/mlp/act/Add
224,Mul,/vision_model/vision/_en/stages.3/blocks/blocks.0/mlp/act/Mul_3
225,Tanh,/vision_model/vision/_en/stages.3/blocks/blocks.0/mlp/act/Tanh
226,Add,/vision_model/vision/_en/stages.3/blocks/blocks.0/mlp/act/Add_1
227,Mul,/vision_model/vision/_en/stages.3/blocks/blocks.0/mlp/act/Mul_4
228,Mul,/vision_model/vision/_en/stages.3/blocks/blocks.0/mlp/act/Mul_5
229,Conv,/vision_model/vision/_en/stages.3/blocks/blocks.0/mlp/fc2/Conv
230,Mul,/vision_model/vision/_en/stages.3/blocks/blocks.0/layer_scale/Mul
231,Add,/vision_model/vision/_en/stages.3/blocks/blocks.0/Add
232,Conv,/vision_model/vision/_en/stages.3/blocks/blocks.1/token_mixer/reparam_conv/Conv
233,Conv,/vision_model/vision/_en/stages.3/blocks/blocks.1/mlp/conv/conv/Conv
234,Conv,/vision_model/vision/_en/stages.3/blocks/blocks.1/mlp/fc1/Conv
235,Mul,/vision_model/vision/_en/stages.3/blocks/blocks.1/mlp/act/Mul
236,Mul,/vision_model/vision/_en/stages.3/blocks/blocks.1/mlp/act/Mul_1
237,Mul,/vision_model/vision/_en/stages.3/blocks/blocks.1/mlp/act/Mul_2
238,Add,/vision_model/vision/_en/stages.3/blocks/blocks.1/mlp/act/Add
239,Mul,/vision_model/vision/_en/stages.3/blocks/blocks.1/mlp/act/Mul_3
240,Tanh,/vision_model/vision/_en/stages.3/blocks/blocks.1/mlp/act/Tanh
241,Add,/vision_model/vision/_en/stages.3/blocks/blocks.1/mlp/act/Add_1
242,Mul,/vision_model/vision/_en/stages.3/blocks/blocks.1/mlp/act/Mul_4
243,Mul,/vision_model/vision/_en/stages.3/blocks/blocks.1/mlp/act/Mul_5
244,Conv,/vision_model/vision/_en/stages.3/blocks/blocks.1/mlp/fc2/Conv
245,Mul,/vision_model/vision/_en/stages.3/blocks/blocks.1/layer_scale/Mul
246,Add,/vision_model/vision/_en/stages.3/blocks/blocks.1/Add
247,Conv,/vision_model/vision/_en/final_conv/reparam_conv/Conv
248,ReduceMean,/vision_model/vision/_en/final_conv/se/ReduceMean
249,Conv,/vision_model/vision/_en/final_conv/se/fc1/Conv
250,Relu,/vision_model/vision/_en/final_conv/se/act/Relu
251,Conv,/vision_model/vision/_en/final_conv/se/fc2/Conv
252,Sigmoid,/vision_model/vision/_en/final_conv/se/gate/Sigmoid
253,Mul,/vision_model/vision/_en/final_conv/se/Mul
254,Mul,/vision_model/vision/_en/final_conv/act/Mul
255,Mul,/vision_model/vision/_en/final_conv/act/Mul_1
256,Mul,/vision_model/vision/_en/final_conv/act/Mul_2
257,Add,/vision_model/vision/_en/final_conv/act/Add
258,Mul,/vision_model/vision/_en/final_conv/act/Mul_3
259,Tanh,/vision_model/vision/_en/final_conv/act/Tanh
260,Add,/vision_model/vision/_en/final_conv/act/Add_1
261,Mul,/vision_model/vision/_en/final_conv/act/Mul_4
262,Mul,/vision_model/vision/_en/final_conv/act/Mul_5
263,GlobalAveragePool,/vision_model/vision/_en/head/global_pool/pool/GlobalAveragePool
264,Flatten,/vision_model/vision/_en/head/global_pool/flatten/Flatten
265,Gemm,/vision_model/vision/_en/head/fc/Gemm
266,Gemm,/vision_model/no_bottleneck_policy/summarizer/_infeats/_infeats.0/Gemm
267,Relu,/vision_model/no_bottleneck_policy/summarizer/_infeats/_infeats.1/Relu
268,Gemm,/vision_model/no_bottleneck_policy/summarizer/resblock/block_a/block_a.0/Gemm
269,Relu,/vision_model/no_bottleneck_policy/summarizer/resblock/block_a/block_a.2/Relu
270,Gemm,/vision_model/no_bottleneck_policy/summarizer/resblock/block_a/block_a.3/Gemm
271,Add,/vision_model/no_bottleneck_policy/summarizer/resblock/Add
272,Relu,/vision_model/no_bottleneck_policy/summarizer/resblock/block_b/block_b.0/Relu
273,Gemm,/vision_model/no_bottleneck_policy/summarizer/resblock/block_b/block_b.1/Gemm
274,Relu,/vision_model/no_bottleneck_policy/summarizer/resblock/block_b/block_b.3/Relu
275,Gemm,/vision_model/no_bottleneck_policy/summarizer/resblock/block_b/block_b.4/Gemm
276,Add,/vision_model/no_bottleneck_policy/summarizer/resblock/Add_1
277,Relu,/vision_model/no_bottleneck_policy/summarizer/resblock/final_relu/Relu
278,Gemm,/vision_model/no_bottleneck_policy/hydra/resblock/block_a/block_a.0/Gemm
279,Relu,/vision_model/no_bottleneck_policy/hydra/resblock/block_a/block_a.2/Relu
280,Gemm,/vision_model/no_bottleneck_policy/hydra/resblock/block_a/block_a.3/Gemm
281,Add,/vision_model/no_bottleneck_policy/hydra/resblock/Add
282,Relu,/vision_model/no_bottleneck_policy/hydra/resblock/block_b/block_b.0/Relu
283,Gemm,/vision_model/no_bottleneck_policy/hydra/resblock/block_b/block_b.1/Gemm
284,Relu,/vision_model/no_bottleneck_policy/hydra/resblock/block_b/block_b.3/Relu
285,Gemm,/vision_model/no_bottleneck_policy/hydra/resblock/block_b/block_b.4/Gemm
286,Add,/vision_model/no_bottleneck_policy/hydra/resblock/Add_1
287,Relu,/vision_model/no_bottleneck_policy/hydra/resblock/final_relu/Relu
288,Gemm,/vision_model/no_bottleneck_policy/hydra/meta/Gemm
289,Relu,/vision_model/no_bottleneck_policy/hydra/relu/Relu
290,Gemm,/vision_model/no_bottleneck_policy/hydra/desire_pred/Gemm
291,Relu,/vision_model/no_bottleneck_policy/hydra/relu_1/Relu
292,Gemm,/vision_model/no_bottleneck_policy/hydra/road_transform/Gemm
293,Relu,/vision_model/no_bottleneck_policy/hydra/relu_2/Relu
294,Gemm,/vision_model/no_bottleneck_policy/hydra/pose/Gemm
295,Relu,/vision_model/no_bottleneck_policy/hydra/relu_3/Relu
296,Gemm,/vision_model/no_bottleneck_policy/hydra/wide_from_device_euler/Gemm
297,Relu,/vision_model/no_bottleneck_policy/hydra/relu_4/Relu
298,Gemm,/vision_model/no_bottleneck_policy/hydra/meta/meta.0/Gemm
299,Relu,/vision_model/no_bottleneck_policy/hydra/meta/meta.1/Relu
300,Gemm,/vision_model/no_bottleneck_policy/hydra/meta/meta.2/Gemm
301,Add,/vision_model/no_bottleneck_policy/hydra/Add
302,Relu,/vision_model/no_bottleneck_policy/hydra/relu_5/Relu
303,Gemm,/vision_model/no_bottleneck_policy/hydra/desire_pred/desire_pred.0/Gemm
304,Relu,/vision_model/no_bottleneck_policy/hydra/desire_pred/desire_pred.1/Relu
305,Gemm,/vision_model/no_bottleneck_policy/hydra/desire_pred/desire_pred.2/Gemm
306,Add,/vision_model/no_bottleneck_policy/hydra/Add_1
307,Relu,/vision_model/no_bottleneck_policy/hydra/relu_6/Relu
308,Gemm,/vision_model/no_bottleneck_policy/hydra/road_transform/road_transform.0/Gemm
309,Relu,/vision_model/no_bottleneck_policy/hydra/road_transform/road_transform.1/Relu
310,Gemm,/vision_model/no_bottleneck_policy/hydra/road_transform/road_transform.2/Gemm
311,Add,/vision_model/no_bottleneck_policy/hydra/Add_2
312,Relu,/vision_model/no_bottleneck_policy/hydra/relu_7/Relu
313,Gemm,/vision_model/no_bottleneck_policy/hydra/pose/pose.0/Gemm
314,Relu,/vision_model/no_bottleneck_policy/hydra/pose/pose.1/Relu
315,Gemm,/vision_model/no_bottleneck_policy/hydra/pose/pose.2/Gemm
316,Add,/vision_model/no_bottleneck_policy/hydra/Add_3
317,Relu,/vision_model/no_bottleneck_policy/hydra/relu_8/Relu
318,Gemm,/vision_model/no_bottleneck_policy/hydra/wide_from_device_euler/wide_from_device_euler.0/Gemm
319,Relu,/vision_model/no_bottleneck_policy/hydra/wide_from_device_euler/wide_from_device_euler.1/Relu
320,Gemm,/vision_model/no_bottleneck_policy/hydra/wide_from_device_euler/wide_from_device_euler.2/Gemm
321,Add,/vision_model/no_bottleneck_policy/hydra/Add_4
322,Relu,/vision_model/no_bottleneck_policy/hydra/relu_9/Relu
323,Gemm,/vision_model/no_bottleneck_policy/hydra/meta_1/Gemm
324,Gemm,/vision_model/no_bottleneck_policy/hydra/desire_pred_1/Gemm
325,Gemm,/vision_model/no_bottleneck_policy/hydra/road_transform_1/Gemm
326,Gemm,/vision_model/no_bottleneck_policy/hydra/pose_1/Gemm
327,Gemm,/vision_model/no_bottleneck_policy/hydra/wide_from_device_euler_1/Gemm
328,Gemm,/summarizer/_infeats/_infeats.0/Gemm
329,Relu,/summarizer/_infeats/_infeats.1/Relu
330,Gemm,/summarizer/resblock/block_a/block_a.0/Gemm
331,Relu,/summarizer/resblock/block_a/block_a.2/Relu
332,Gemm,/summarizer/resblock/block_a/block_a.3/Gemm
333,Add,/summarizer/resblock/Add
334,Relu,/summarizer/resblock/block_b/block_b.0/Relu
335,Gemm,/summarizer/resblock/block_b/block_b.1/Gemm
336,Relu,/summarizer/resblock/block_b/block_b.3/Relu
337,Gemm,/summarizer/resblock/block_b/block_b.4/Gemm
338,Add,/summarizer/resblock/Add_1
339,Relu,/summarizer/resblock/final_relu/Relu
340,Gemm,/summarizer/_mu/Gemm
341,Mul,/summarizer/Mul
342,ReduceSum,/summarizer/ReduceSum
343,Sqrt,/summarizer/Sqrt
344,Clip,/summarizer/Clip
345,Div,/summarizer/Div
346,Concat,/Concat
